epoch,lr,train_loss,val_loss,train_loss_y,train_loss_neg_dy,val_loss_y,val_loss_neg_dy,step,test_loss,test_loss_y,test_loss_neg_dy
0.0,0.00011300000187475234,503775968.0,2228393216.0,1007423872.0,127993.765625,4456695296.0,91034.7734375,112,,,
1.0,0.00022600000374950469,10091554.0,1147643776.0,20110326.0,72779.6015625,2295230208.0,57324.65625,225,,,
2.0,0.0003389999910723418,6463527.0,591767168.0,12865095.0,61958.640625,1183476480.0,57957.42578125,338,,,
3.0,0.00045200000749900937,5969684.5,311678624.0,11881736.0,57633.53125,623297984.0,59317.46484375,451,,,
4.0,0.0005649999948218465,19292776.0,170945248.0,38541508.0,44047.22265625,341853344.0,37164.81640625,564,,,
5.0,0.0006779999821446836,12400660.0,101964184.0,24761350.0,39968.05859375,203895008.0,33352.59765625,677,,,
6.0,0.0007910000276751816,28573836.0,60372856.0,57119220.0,28456.8984375,120720448.0,25259.400390625,790,,,
7.0,0.0009040000149980187,7857374.0,32992268.0,15683754.0,30993.404296875,65960688.0,23851.0625,903,,,
8.0,0.0010000000474974513,16499642.0,18740394.0,32975560.0,23723.53515625,37464524.0,16261.2470703125,1016,,,
9.0,0.0010000000474974513,5557727.5,12308992.0,11093941.0,21514.689453125,24596018.0,21965.669921875,1129,,,
10.0,0.0010000000474974513,3582129.75,8812690.0,7140715.0,23544.12109375,17607202.0,18178.173828125,1242,5631.2412109375,11147.5986328125,114.88397216796875
11.0,0.0010000000474974513,8022990.0,6069094.0,16028202.0,17778.59765625,12122377.0,15810.4453125,1355,,,
12.0,0.0010000000474974513,2403335.25,3634853.0,4789511.0,17160.21484375,7255863.0,13843.24609375,1468,,,
13.0,0.0010000000474974513,1632983.875,2269850.0,3252114.75,13853.001953125,4526062.5,13637.4609375,1581,,,
14.0,0.0010000000474974513,2556602.25,1686503.0,5100473.0,12731.302734375,3361215.75,11790.166015625,1694,,,
15.0,0.0010000000474974513,1778573.0,1152851.75,3545807.25,11338.6103515625,2296786.5,8917.1845703125,1807,,,
16.0,0.0010000000474974513,1027584.125,1567341.25,2045636.75,9531.419921875,3123822.0,10860.6943359375,1920,,,
17.0,0.0010000000474974513,1474939.75,1411100.0,2941448.5,8431.0634765625,2814962.75,7236.951171875,2033,,,
18.0,0.0010000000474974513,675603.0,849048.3125,1343751.375,7454.5,1691942.25,6154.44970703125,2146,,,
19.0,0.0010000000474974513,1536860.625,568754.375,3066931.5,6789.57568359375,1130550.375,6958.52197265625,2259,,,
20.0,0.0010000000474974513,705752.5,454770.3125,1405040.375,6464.50927734375,903005.4375,6535.17578125,2372,4613.5556640625,9160.822265625,66.28829956054688
21.0,0.0010000000474974513,225512.0,1081647.625,445507.6875,5516.3017578125,2158194.75,5100.47607421875,2485,,,
22.0,0.0010000000474974513,497625.28125,3068732.0,989850.875,5399.59619140625,6131327.0,6137.47900390625,2598,,,
23.0,0.0010000000474974513,2416461.75,2869455.0,4826825.5,6098.4013671875,5733771.5,5138.7275390625,2711,,,
24.0,0.0010000000474974513,1142834.0,1572716.625,2280636.25,5031.91259765625,3140712.75,4720.68212890625,2824,,,
25.0,0.0010000000474974513,434715.125,1096835.5,864754.0625,4676.18896484375,2189120.5,4550.49560546875,2937,,,
26.0,0.0010000000474974513,1325161.375,1621926.5,2645823.5,4499.1875,3238358.25,5494.85302734375,3050,,,
27.0,0.0010000000474974513,1052308.0,1588668.0,2100087.5,4528.3046875,3173566.25,3770.259033203125,3163,,,
28.0,0.0010000000474974513,292849.75,967178.8125,581833.75,3865.67578125,1931155.125,3202.524658203125,3276,,,
29.0,0.0010000000474974513,165765.03125,588614.25,328065.96875,3464.039306640625,1173979.625,3248.86376953125,3389,,,
30.0,0.0010000000474974513,182073.71875,458128.09375,360951.21875,3196.18359375,912882.5625,3373.572265625,3502,4942.99609375,9834.44921875,51.54420471191406
31.0,0.0010000000474974513,2446977.0,704041.4375,4889588.0,4366.0166015625,1404745.25,3337.415771484375,3615,,,
32.0,0.0010000000474974513,986658.1875,688586.8125,1968892.25,4424.23681640625,1373806.5,3367.05712890625,3728,,,
33.0,0.0010000000474974513,472555.3125,430989.28125,941694.5,3416.2373046875,858866.3125,3112.177001953125,3841,,,
34.0,0.0010000000474974513,1570660.5,346999.0,3137964.25,3356.618896484375,690683.125,3314.998291015625,3954,,,
35.0,0.0010000000474974513,659245.4375,290069.09375,1315265.375,3225.6298828125,577334.625,2803.594482421875,4067,,,
36.0,0.0010000000474974513,451228.65625,366737.15625,899570.1875,2887.116943359375,730648.9375,2825.3603515625,4180,,,
37.0,0.0010000000474974513,560181.4375,362964.875,1117623.25,2739.59619140625,724030.9375,1898.7696533203125,4293,,,
38.0,0.0010000000474974513,253099.375,274140.6875,503737.3125,2461.4384765625,545693.1875,2588.212158203125,4406,,,
39.0,0.0010000000474974513,792259.8125,214050.703125,1581911.75,2607.860107421875,425790.21875,2311.17626953125,4519,,,
40.0,0.0010000000474974513,1271292.875,1186421.625,2539937.0,2648.580078125,2369955.25,2887.98876953125,4632,4349.556640625,8653.1201171875,45.99298095703125
41.0,0.0010000000474974513,1706427.75,1274703.375,3409755.25,3100.854248046875,2546908.75,2498.382568359375,4745,,,
42.0,0.0010000000474974513,269918.84375,701687.0,537488.625,2349.040283203125,1401142.0,2231.91064453125,4858,,,
43.0,0.0010000000474974513,199911.78125,606088.6875,397626.25,2197.311279296875,1210222.0,1955.319091796875,4971,,,
44.0,0.0010000000474974513,169056.265625,525606.8125,336023.71875,2088.83251953125,1049279.875,1933.71630859375,5084,,,
45.0,0.0010000000474974513,205208.8125,349226.0,408348.65625,2068.94970703125,696515.1875,1936.836669921875,5197,,,
46.0,0.0010000000474974513,296596.8125,217156.53125,591222.5,1971.1654052734375,432330.875,1982.1968994140625,5310,,,
47.0,0.0010000000474974513,282568.375,256143.234375,563152.875,1983.912841796875,510223.875,2062.623046875,5423,,,
48.0,0.0010000000474974513,1845953.125,1008754.375,3689180.75,2725.43212890625,2012033.25,5475.3876953125,5536,,,
49.0,0.0010000000474974513,4598397.0,1153331.25,9190786.0,6007.482421875,2303129.0,3533.371826171875,5649,,,
50.0,0.0010000000474974513,808937.25,683280.8125,1613951.25,3923.427734375,1363549.375,3012.045166015625,5762,4566.40576171875,9086.7119140625,46.099578857421875
51.0,0.0010000000474974513,234353.609375,482245.03125,465562.84375,3144.42138671875,962294.9375,2195.0126953125,5875,,,
52.0,0.0010000000474974513,290083.15625,373438.9375,577267.375,2898.906982421875,744502.1875,2375.677978515625,5988,,,
53.0,0.0010000000474974513,252581.3125,266368.59375,502448.5625,2714.064208984375,530144.875,2592.286865234375,6101,,,
54.0,0.0010000000474974513,290588.78125,233670.296875,578613.75,2563.74609375,464989.15625,2351.437255859375,6214,,,
55.0,0.0010000000474974513,219961.125,188953.859375,437528.71875,2393.565185546875,375720.375,2187.369384765625,6327,,,
56.0,0.0010000000474974513,196408.25,147746.53125,390568.0625,2248.3671875,293444.21875,2048.84814453125,6440,,,
57.0,0.0010000000474974513,166267.1875,119726.5625,330418.625,2115.772216796875,237524.28125,1928.8309326171875,6553,,,
58.0,0.0010000000474974513,175447.03125,110216.734375,348877.53125,2016.54931640625,218272.703125,2160.77587890625,6666,,,
59.0,0.0010000000474974513,179703.578125,93490.75,357473.90625,1933.2445068359375,185243.578125,1737.951416015625,6779,,,
60.0,0.0010000000474974513,307065.90625,243182.15625,612111.3125,2020.5181884765625,484224.96875,2139.32763671875,6892,4753.56787109375,9469.8076171875,37.32863998413086
61.0,0.0010000000474974513,291546.3125,376076.9375,581125.375,1967.2607421875,750635.3125,1518.4801025390625,7005,,,
62.0,0.0010000000474974513,370991.03125,417338.9375,740081.0,1901.1060791015625,833199.75,1478.2322998046875,7118,,,
63.0,0.0010000000474974513,239158.8125,303453.25,476467.8125,1849.787109375,605159.8125,1746.727783203125,7231,,,
64.0,0.0010000000474974513,273912.1875,679368.125,546197.75,1626.624755859375,1357634.875,1101.421142578125,7344,,,
65.0,0.0010000000474974513,1608987.125,876928.5625,3215411.0,2563.595947265625,1752000.125,1857.135009765625,7457,,,
66.0,0.0010000000474974513,11078873.0,1953033.625,22154782.0,2965.5634765625,3905134.25,933.2515258789062,7570,,,
67.0,0.0010000000474974513,3797876.5,2152306.75,7590837.0,4915.05322265625,4301422.5,3191.2236328125,7683,,,
68.0,0.0010000000474974513,231232.640625,1182387.875,459605.53125,2859.733154296875,2362326.5,2449.166015625,7796,,,
69.0,0.0010000000474974513,188986.15625,802321.625,375572.4375,2399.912109375,1602739.0,1904.3062744140625,7909,,,
70.0,0.0010000000474974513,297606.65625,537626.4375,592985.9375,2227.357666015625,1072985.25,2267.67138671875,8022,4606.45263671875,9176.3798828125,36.52503967285156
71.0,0.0010000000474974513,120259.7421875,324976.84375,238589.15625,1930.331298828125,647883.8125,2069.87451171875,8135,,,
72.0,0.0010000000474974513,108887.1875,216135.359375,216052.578125,1721.7872314453125,430666.875,1603.8330078125,8248,,,
73.0,0.0010000000474974513,119562.1796875,156349.125,237511.46875,1612.8804931640625,311344.65625,1353.5863037109375,8361,,,
74.0,0.0010000000474974513,199308.109375,136536.96875,397052.59375,1563.6302490234375,271541.65625,1532.2947998046875,8474,,,
75.0,0.0010000000474974513,180153.484375,114959.9453125,358785.65625,1521.2747802734375,228368.15625,1551.757568359375,8587,,,
76.0,0.0010000000474974513,78862.390625,90685.5390625,156331.015625,1393.7838134765625,180141.96875,1229.1048583984375,8700,,,
77.0,0.0010000000474974513,102243.4296875,113217.1953125,203247.578125,1239.2781982421875,225473.265625,961.15673828125,8813,,,
78.0,0.0010000000474974513,311058.03125,121991.140625,620753.9375,1362.1395263671875,242908.4375,1073.831298828125,8926,,,
79.0,0.0010000000474974513,88755.734375,85468.1953125,176366.15625,1145.3218994140625,169891.453125,1044.951171875,9039,,,
80.0,0.0010000000474974513,51164.82421875,105048.0625,101321.640625,1008.0068969726562,209212.609375,883.5181884765625,9152,4580.2685546875,9132.955078125,27.582677841186523
81.0,0.0010000000474974513,44540.94921875,116282.140625,88124.75,957.1557006835938,231713.234375,851.03564453125,9265,,,
82.0,0.0010000000474974513,247364.671875,437034.5625,493773.34375,956.0241088867188,872617.125,1451.9010009765625,9378,,,
83.0,0.0010000000474974513,272213.5625,711041.0,543322.8125,1104.297119140625,1421094.625,987.3807373046875,9491,,,
84.0,0.0010000000474974513,149763.578125,537269.9375,298538.34375,988.8347778320312,1073803.75,736.0131225585938,9604,,,
85.0,0.0010000000474974513,150234.53125,353427.15625,299592.625,876.4309692382812,705868.125,986.2501831054688,9717,,,
86.0,0.0010000000474974513,183350.578125,233703.953125,365762.9375,938.215576171875,466531.125,876.7686767578125,9830,,,
87.0,0.0010000000474974513,57783.7109375,148424.015625,114807.4296875,760.002197265625,296076.5625,771.468505859375,9943,,,
88.0,0.0010000000474974513,130781.5625,129375.4375,260583.328125,979.7888793945312,258186.640625,564.2357177734375,10056,,,
89.0,0.0010000000474974513,197908.109375,175163.984375,394969.71875,846.4569091796875,349526.34375,801.6004028320312,10169,,,
90.0,0.0010000000474974513,179905.640625,166114.3125,359033.0625,778.2314453125,331535.40625,693.250244140625,10282,4484.81396484375,8945.4619140625,24.166385650634766
91.0,0.0010000000474974513,437135.9375,9325072.0,873215.5625,1056.346923828125,18647366.0,2779.347412109375,10395,,,
92.0,0.0010000000474974513,3597509.0,10020408.0,7192563.5,2454.97119140625,20038966.0,1850.032470703125,10508,,,
93.0,0.0010000000474974513,240940.703125,5209329.0,480369.78125,1511.6861572265625,10417584.0,1072.9912109375,10621,,,
94.0,0.0010000000474974513,99749.0078125,2727365.25,198403.75,1094.2716064453125,5453746.5,983.7935180664062,10734,,,
95.0,0.0010000000474974513,103594.59375,1419845.625,206265.6875,923.502197265625,2838886.25,805.230712890625,10847,,,
96.0,0.0010000000474974513,42697.14453125,760419.875,84581.3359375,812.9464721679688,1520054.25,785.5438842773438,10960,,,
97.0,0.0010000000474974513,36603.67578125,419738.65625,72521.84375,685.5148315429688,838890.3125,586.9559936523438,11073,,,
98.0,0.0010000000474974513,30428.908203125,236570.390625,60254.83203125,602.98681640625,472662.03125,478.80255126953125,11186,,,
99.0,0.0010000000474974513,83984.828125,147043.234375,167353.96875,615.6848754882812,293464.8125,621.6937866210938,11299,,,
100.0,0.0010000000474974513,109986.9140625,123340.3515625,219339.0625,634.7554321289062,246082.03125,598.6803588867188,11412,4340.95654296875,8655.697265625,26.215707778930664
101.0,0.0010000000474974513,318291.03125,332509.96875,635880.75,701.3483276367188,664575.3125,444.5618896484375,11525,,,
102.0,0.0010000000474974513,325656.0,406018.15625,650476.9375,835.0402221679688,811378.0,658.2955322265625,11638,,,
103.0,0.0010000000474974513,145799.296875,258473.4375,290919.5,679.1062622070312,516425.25,521.64697265625,11751,,,
104.0,0.0010000000474974513,179100.71875,254632.203125,357544.4375,657.0186157226562,508579.90625,684.5066528320312,11864,,,
105.0,0.0010000000474974513,183288.59375,205920.65625,365975.65625,601.5306396484375,411399.3125,441.9860534667969,11977,,,
106.0,0.0010000000474974513,45814.71484375,112323.9375,91148.265625,481.1799621582031,224270.0625,377.8099670410156,12090,,,
107.0,0.0010000000474974513,33713.06640625,72073.9453125,66992.5859375,433.54766845703125,143731.546875,416.3355712890625,12203,,,
108.0,0.0010000000474974513,63375.71484375,61314.55078125,126304.65625,446.7784729003906,122283.2265625,345.87847900390625,12316,,,
109.0,0.0010000000474974513,111282.2109375,51156.6171875,222069.21875,495.1894226074219,101891.4453125,421.7849426269531,12429,,,
110.0,0.0010000000474974513,142531.359375,69391.0703125,284533.65625,529.0869140625,137251.71875,1530.4185791015625,12542,4671.828125,9304.1904296875,39.466064453125
111.0,0.0010000000474974513,325503.65625,248958.8125,650297.6875,709.6674194335938,496585.8125,1331.814697265625,12655,,,
112.0,0.0010000000474974513,191559.328125,283270.34375,382520.0625,598.5681762695312,566048.625,492.023193359375,12768,,,
113.0,0.0010000000474974513,102443.125,188683.890625,204332.421875,553.8224487304688,376970.71875,397.0560302734375,12881,,,
114.0,0.0010000000474974513,63460.8046875,116682.078125,126528.25,393.3598327636719,233014.9375,349.2264404296875,12994,,,
115.0,0.0010000000474974513,40201.97265625,97193.140625,80055.28125,348.6614990234375,194075.734375,310.5177307128906,13107,,,
116.0,0.0010000000474974513,382800.28125,781392.9375,765088.6875,511.890625,1561950.25,835.8751831054688,13220,,,
117.0,0.0010000000474974513,10545557.0,993929.25,21085974.0,5141.36279296875,1983745.25,4113.2041015625,13333,,,
118.0,0.0010000000474974513,488194.34375,617350.0,972714.3125,3674.382080078125,1231776.375,2923.67138671875,13446,,,
119.0,0.0010000000474974513,184719.15625,400112.3125,367030.4375,2407.89111328125,797994.1875,2230.446044921875,13559,,,
120.0,0.0010000000474974513,138508.4375,265933.59375,275307.21875,1709.654296875,530264.9375,1602.2457275390625,13672,4337.654296875,8643.9130859375,31.394887924194336
121.0,0.0010000000474974513,78123.6796875,181294.078125,155000.8125,1246.559814453125,361416.09375,1172.089111328125,13785,,,
122.0,0.0010000000474974513,43459.33984375,162381.203125,85959.59375,959.0869750976562,323596.96875,1165.4429931640625,13898,,,
123.0,0.0010000000474974513,70718.9453125,135904.5,140554.859375,883.0287475585938,270993.90625,815.0906982421875,14011,,,
124.0,0.0010000000474974513,25190.822265625,83857.0,49692.859375,688.7797241210938,167045.921875,668.0858764648438,14124,,,
125.0,0.0010000000474974513,27065.22265625,51036.09765625,53517.50390625,612.94189453125,101524.4296875,547.7706298828125,14237,,,
126.0,0.0010000000474974513,44389.390625,62709.11328125,88210.40625,568.372314453125,124640.578125,777.6509399414062,14350,,,
127.0,0.0010000000474974513,62822.03515625,101711.25,125081.3828125,562.6905517578125,202833.65625,588.8460083007812,14463,,,
128.0,0.0010000000474974513,92459.8203125,87448.0703125,184341.875,577.76025390625,174384.703125,511.44451904296875,14576,,,
129.0,0.0010000000474974513,40001.4375,52684.01171875,79537.75,465.1266784667969,104912.578125,455.441650390625,14689,,,
130.0,0.0010000000474974513,24446.513671875,32944.98828125,48465.93359375,427.0951232910156,65504.0703125,385.9041748046875,14802,4297.150390625,8567.623046875,26.677650451660156
131.0,0.0010000000474974513,30581.97265625,28714.2734375,60765.9453125,398.00341796875,57042.70703125,385.8390808105469,14915,,,
132.0,0.0010000000474974513,39213.44140625,24118.25390625,78057.984375,368.895751953125,47874.89453125,361.6134338378906,15028,,,
133.0,0.0010000000474974513,51155.16015625,259865.390625,101883.7578125,426.5535888671875,519436.09375,294.7178649902344,15141,,,
134.0,0.0010000000474974513,223013.34375,348762.15625,445408.8125,617.9063110351562,697094.1875,430.1559143066406,15254,,,
135.0,0.0010000000474974513,291705.53125,268697.71875,582782.5,628.4677734375,536262.0,1133.4349365234375,15367,,,
136.0,0.0010000000474974513,148704.796875,214851.0625,296824.21875,585.3764038085938,428975.5625,726.5607299804688,15480,,,
137.0,0.0010000000474974513,159300.671875,144822.953125,318066.125,535.19580078125,289218.5,427.4006652832031,15593,,,
138.0,0.0010000000474974513,53772.3984375,137222.75,107179.046875,365.75921630859375,274140.1875,305.3035583496094,15706,,,
139.0,0.0010000000474974513,58228.3984375,113700.1953125,116067.03125,389.75628662109375,227064.546875,335.8487548828125,15819,,,
140.0,0.0010000000474974513,68592.9921875,77547.390625,136854.25,331.746826171875,154813.953125,280.833251953125,15932,4293.8935546875,8569.630859375,18.156204223632812
141.0,0.0010000000474974513,26049.822265625,60375.26953125,51829.22265625,270.4288024902344,120463.0625,287.48101806640625,16045,,,
142.0,0.0010000000474974513,18530.39453125,57978.40625,36817.046875,243.73492431640625,115714.71875,242.09738159179688,16158,,,
143.0,0.0010000000474974513,47795.50390625,53054.89453125,95312.2109375,278.7969665527344,105731.09375,378.7110900878906,16271,,,
144.0,0.0010000000474974513,230622.578125,140410.953125,460513.5625,731.638916015625,280257.84375,564.031982421875,16384,,,
145.0,0.0010000000474974513,368744.46875,213893.65625,736562.125,926.766845703125,426831.09375,956.257568359375,16497,,,
146.0,0.0010000000474974513,597930.5,306491.3125,1194352.375,1508.361328125,611616.625,1365.9847412109375,16610,,,
147.0,0.0010000000474974513,283011.3125,305959.40625,565306.1875,716.4864501953125,611502.5,416.3729553222656,16723,,,
148.0,0.0010000000474974513,106041.078125,265620.59375,211677.25,404.9023132324219,530959.25,281.8871154785156,16836,,,
149.0,0.0010000000474974513,196405.65625,202507.046875,392323.78125,487.54595947265625,404629.90625,384.2099609375,16949,,,
150.0,0.0010000000474974513,54150.28125,127186.828125,107965.1484375,335.4153747558594,254026.0625,347.59625244140625,17062,4215.74755859375,8412.76953125,18.724857330322266
151.0,0.0010000000474974513,44920.73046875,79616.21875,89542.0,299.4689636230469,158942.203125,290.2460632324219,17175,,,
152.0,0.0010000000474974513,21791.0,49605.87109375,43312.30078125,269.7025146484375,98984.8515625,226.89540100097656,17288,,,
153.0,0.0010000000474974513,12746.4287109375,31258.3203125,25282.478515625,210.38035583496094,62323.7421875,192.8991241455078,17401,,,
154.0,0.0010000000474974513,7535.21923828125,24272.361328125,14877.3955078125,193.04190063476562,48369.19921875,175.52647399902344,17514,,,
155.0,0.0010000000474974513,13790.0859375,23569.642578125,27399.095703125,181.07667541503906,46925.18359375,214.10096740722656,17627,,,
156.0,0.0010000000474974513,17507.38671875,26997.939453125,34826.65625,188.11570739746094,53714.95703125,280.91937255859375,17740,,,
157.0,0.0010000000474974513,156675.859375,66338.0390625,313049.0625,302.6182556152344,131249.421875,1426.6461181640625,17853,,,
158.0,0.0010000000474974513,6317205.5,1959654.375,12630517.0,3894.340087890625,3910698.0,8610.8955078125,17966,,,
159.0,0.0010000000474974513,3619959.5,2580646.5,7231275.0,8644.287109375,5157056.0,4237.068359375,18079,,,
160.0,0.0010000000474974513,200280.390625,1394610.25,397587.03125,2973.72900390625,2787423.25,1797.633056640625,18192,4133.31201171875,8227.7919921875,38.83210372924805
161.0,0.0010000000474974513,51817.41015625,747552.5,101811.1484375,1823.6646728515625,1493764.5,1340.354736328125,18305,,,
162.0,0.0010000000474974513,54871.3125,408969.9375,108442.75,1299.8739013671875,817083.875,856.0523071289062,18418,,,
163.0,0.0010000000474974513,32602.6015625,229998.4375,64169.79296875,1035.412109375,459223.625,773.2171020507812,18531,,,
164.0,0.0010000000474974513,20878.056640625,137162.15625,40965.2578125,790.8610229492188,273755.96875,568.3612060546875,18644,,,
165.0,0.0010000000474974513,24187.810546875,83033.7890625,47711.96484375,663.6539916992188,165521.109375,546.4703369140625,18757,,,
166.0,0.0010000000474974513,32910.578125,50931.14453125,65231.59765625,589.5589599609375,101364.09375,498.21112060546875,18870,,,
167.0,0.0010000000474974513,27722.58203125,33411.18359375,54896.421875,548.7443237304688,66387.078125,435.2917175292969,18983,,,
168.0,0.0010000000474974513,11213.203125,22043.646484375,21978.59765625,447.8115234375,43732.5625,354.7308349609375,19096,,,
169.0,0.0010000000474974513,27339.404296875,16391.185546875,54271.36328125,407.44720458984375,32421.966796875,360.4043884277344,19209,,,
170.0,0.0010000000474974513,19324.880859375,13302.0595703125,38271.3203125,378.4397888183594,26262.515625,341.6026306152344,19322,4176.85888671875,8332.423828125,21.2934513092041
171.0,0.0010000000474974513,20389.66015625,10946.3974609375,40418.015625,361.3039855957031,21578.041015625,314.7541809082031,19435,,,
172.0,0.0010000000474974513,9876.69921875,9260.2099609375,19442.984375,310.4146728515625,18249.166015625,271.2539367675781,19548,,,
173.0,0.0010000000474974513,14927.8095703125,10556.2109375,29579.15234375,276.4654541015625,20850.7890625,261.6335754394531,19661,,,
174.0,0.0010000000474974513,55041.70703125,13905.2158203125,109760.4765625,322.9285583496094,27457.232421875,353.1982421875,19774,,,
175.0,0.0010000000474974513,55590.17578125,19697.056640625,110831.84375,348.5204162597656,39129.80859375,264.3078918457031,19887,,,
176.0,0.0010000000474974513,118417.34375,46199.55078125,236299.96875,534.7520751953125,92038.0,361.09747314453125,20000,,,
177.0,0.0010000000474974513,36671.04296875,45355.5078125,73022.2265625,319.86407470703125,90475.578125,235.4311981201172,20113,,,
178.0,0.0010000000474974513,6452.2744140625,25887.75,12663.6025390625,240.94654846191406,51579.55078125,195.95269775390625,20226,,,
179.0,0.0010000000474974513,16684.3125,55612.25390625,33161.17578125,207.44679260253906,111029.1015625,195.40359497070312,20339,,,
180.0,0.0010000000474974513,50424.9921875,92709.734375,100615.1875,234.79859924316406,185236.28125,183.18850708007812,20452,4325.0634765625,8632.84375,17.283592224121094
181.0,0.0010000000474974513,44499.8125,86679.7265625,88751.4609375,248.16073608398438,173124.078125,235.36697387695312,20565,,,
182.0,0.0010000000474974513,29268.63671875,60910.80859375,58306.03515625,231.2389678955078,121634.3828125,187.23526000976562,20678,,,
183.0,0.0010000000474974513,7636.18603515625,38650.4140625,15093.2744140625,179.09703063964844,77150.3203125,150.51002502441406,20791,,,
184.0,0.0010000000474974513,54019.9921875,33214.546875,107844.921875,195.06495666503906,66207.015625,222.07569885253906,20904,,,
185.0,0.0010000000474974513,287559.375,108201.4453125,574533.1875,585.5139770507812,216088.953125,313.9483337402344,21017,,,
186.0,0.0010000000474974513,138835.046875,115977.7421875,277314.96875,355.1435852050781,231751.96875,203.52484130859375,21130,,,
187.0,0.0010000000474974513,17589.54296875,69202.7265625,34977.5546875,201.53138732910156,138219.875,185.5868682861328,21243,,,
188.0,0.0010000000474974513,22591.017578125,43386.74609375,45005.63671875,176.3954620361328,86640.2890625,133.19406127929688,21356,,,
189.0,0.0010000000474974513,7305.57373046875,27089.45703125,14476.103515625,135.04403686523438,54065.21484375,113.70096588134766,21469,,,
190.0,0.0010000000474974513,8092.3125,17732.447265625,16062.3408203125,122.28484344482422,35355.29296875,109.59616088867188,21582,4238.0947265625,8464.1572265625,12.031603813171387
191.0,0.0010000000474974513,9659.251953125,12002.564453125,19202.03125,116.47554016113281,23904.009765625,101.1191635131836,21695,,,
192.0,0.0010000000474974513,6652.8291015625,9857.5771484375,13199.6806640625,105.97911834716797,19623.638671875,91.51629638671875,21808,,,
193.0,0.0010000000474974513,8651.2109375,8211.7021484375,17201.580078125,100.84169006347656,16326.66015625,96.74385070800781,21921,,,
194.0,0.0010000000474974513,32849.52734375,68880.015625,65585.9296875,113.11956024169922,137614.703125,145.32737731933594,22034,,,
195.0,0.0010000000474974513,156124.140625,84399.4375,311858.90625,389.3796691894531,168426.421875,372.4425354003906,22147,,,
196.0,0.0010000000474974513,1083588.5,166499.3125,2160607.25,6569.890625,332609.125,389.47015380859375,22260,,,
197.0,0.0010000000474974513,197441.953125,185489.390625,394298.78125,585.1488037109375,370643.71875,335.09796142578125,22373,,,
198.0,0.0010000000474974513,26024.822265625,104152.578125,51715.6015625,334.0425720214844,208059.734375,245.43487548828125,22486,,,
199.0,0.0010000000474974513,22199.6640625,58064.50390625,44159.9921875,239.3303985595703,115928.1796875,200.81761169433594,22599,,,
200.0,0.0010000000474974513,8657.2451171875,32981.74609375,17115.287109375,199.20008850097656,65801.2890625,162.2041473388672,22712,4216.00537109375,8416.4599609375,15.55093002319336
201.0,0.0010000000474974513,9132.4091796875,20473.58984375,18094.50390625,170.3131561279297,40811.43359375,135.7462615966797,22825,,,
202.0,0.0010000000474974513,8137.69677734375,15390.96484375,16126.8916015625,148.501708984375,30663.72265625,118.20464324951172,22938,,,
203.0,0.0010000000474974513,5751.04541015625,11386.666015625,11372.1455078125,129.94544982910156,22668.693359375,104.6379165649414,23051,,,
204.0,0.0010000000474974513,8091.3212890625,9526.015625,16061.23046875,121.41209411621094,18951.33203125,100.6983413696289,23164,,,
205.0,0.0010000000474974513,6501.0595703125,8478.3740234375,12888.38671875,113.73320007324219,16863.720703125,93.02764892578125,23277,,,
206.0,0.0010000000474974513,6952.41259765625,9326.7607421875,13802.21875,102.60536193847656,18568.8125,84.70694732666016,23390,,,
207.0,0.0010000000474974513,43302.48828125,8635.1513671875,86488.6640625,116.30004119873047,17152.474609375,117.83036041259766,23503,,,
208.0,0.0010000000474974513,12458.0087890625,6647.30712890625,24800.140625,115.87850952148438,13203.24609375,91.3692855834961,23616,,,
209.0,0.0010000000474974513,7326.8583984375,13681.9716796875,14559.263671875,94.4543685913086,27288.1796875,75.76325225830078,23729,,,
210.0,0.0010000000474974513,39645.40625,23710.107421875,79171.3125,119.50563049316406,47325.38671875,94.82435607910156,23842,4275.7421875,8539.224609375,12.259571075439453
211.0,0.0010000000474974513,16440.62109375,18157.87109375,32776.58984375,104.65254211425781,36229.45703125,86.2835464477539,23955,,,
212.0,0.0010000000474974513,45555.89453125,29225.462890625,91010.0234375,101.76604461669922,58342.55078125,108.36759185791016,24068,,,
213.0,0.0010000000474974513,50099.83203125,29161.7890625,100077.7578125,121.91162872314453,58227.40625,96.16677856445312,24181,,,
214.0,0.0010000000474974513,21169.755859375,44643.8828125,42235.39453125,104.12206268310547,89186.7734375,100.9892578125,24294,,,
215.0,0.0010000000474974513,156813.171875,69041.8828125,313467.3125,159.03726196289062,137929.328125,154.4482879638672,24407,,,
216.0,0.0010000000474974513,62033.30859375,56751.1171875,123903.921875,162.70123291015625,113414.0078125,88.2373046875,24520,,,
217.0,0.0010000000474974513,19804.884765625,43185.51953125,39506.4453125,103.32219696044922,86275.2109375,95.81637573242188,24633,,,
218.0,0.0010000000474974513,47153.11328125,35276.91796875,94183.59375,122.64803314208984,70463.375,90.46580505371094,24746,,,
219.0,0.0010000000474974513,14999.201171875,21346.736328125,29903.986328125,94.41665649414062,42620.3828125,73.09302520751953,24859,,,
220.0,0.0010000000474974513,6116.31201171875,14527.13671875,12154.9873046875,77.6363296508789,28991.087890625,63.18427276611328,24972,4205.4765625,8400.15234375,10.800827026367188
221.0,0.0010000000474974513,8510.3271484375,10189.015625,16946.552734375,74.10342407226562,20312.900390625,65.13275909423828,25085,,,
222.0,0.0010000000474974513,9523.4580078125,6552.31884765625,18971.0,75.9150161743164,13045.4453125,59.19173812866211,25198,,,
223.0,0.0010000000474974513,26595.23046875,5779.775390625,53113.4140625,77.0433120727539,11488.244140625,71.30719757080078,25311,,,
224.0,0.0010000000474974513,38153.87890625,8151.3759765625,76210.5546875,97.20808410644531,16225.923828125,76.82804107666016,25424,,,
225.0,0.0010000000474974513,6303.2998046875,6859.07958984375,12531.7802734375,74.8202896118164,13663.08984375,55.06884002685547,25537,,,
226.0,0.0010000000474974513,16229.466796875,12454.6904296875,32385.310546875,73.62244415283203,24846.728515625,62.65096664428711,25650,,,
227.0,0.0010000000474974513,152287.015625,32378.51953125,304433.0625,140.94891357421875,64631.97265625,125.0698471069336,25763,,,
228.0,0.0010000000474974513,101083.1640625,43797.99609375,201973.5625,192.79745483398438,87495.65625,100.33336639404297,25876,,,
229.0,0.0010000000474974513,14116.4560546875,31481.693359375,28140.517578125,92.39659118652344,62896.28125,67.10711669921875,25989,,,
230.0,0.0010000000474974513,6606.35302734375,24597.05859375,13136.697265625,76.00769805908203,49127.890625,66.22598266601562,26102,4226.00341796875,8441.8310546875,10.175802230834961
231.0,0.0010000000474974513,24751.068359375,28852.529296875,49421.83203125,80.30484008789062,57632.515625,72.5455093383789,26215,,,
232.0,0.0010000000474974513,27275.482421875,29623.962890625,54462.62890625,88.33399963378906,59180.109375,67.81758880615234,26328,,,
233.0,0.0010000000474974513,22369.755859375,35156.15625,44659.71484375,79.79464721679688,70249.6796875,62.63495635986328,26441,,,
234.0,0.0010000000474974513,74422.5859375,37669.76171875,148747.90625,97.25431823730469,75252.1171875,87.39779663085938,26554,,,
235.0,0.0010000000474974513,6755468.5,558887.5625,13495778.0,15157.2685546875,1098586.625,19188.455078125,26667,,,
236.0,0.0010000000474974513,1059496.125,855393.625,2106669.25,12322.9951171875,1704988.625,5798.6328125,26780,,,
237.0,0.0010000000474974513,248956.921875,674781.5625,490361.90625,7551.90380859375,1343635.625,5927.47265625,26893,,,
238.0,0.0010000000474974513,238097.3125,430198.625,471379.40625,4815.2373046875,856581.625,3815.61865234375,27006,,,
239.0,0.0010000000474974513,111023.4453125,254452.390625,219319.6875,2727.223876953125,505563.8125,3340.929931640625,27119,,,
240.0,0.0010000000474974513,93427.671875,173269.390625,184807.203125,2048.156005859375,344770.625,1768.1754150390625,27232,4078.006103515625,8131.55126953125,24.4617862701416
241.0,0.0010000000474974513,61588.55859375,121371.2578125,121911.2890625,1265.8199462890625,241655.640625,1086.870849609375,27345,,,
242.0,0.0010000000474974513,32034.6328125,71728.9765625,63186.3671875,882.9005737304688,142742.34375,715.614501953125,27458,,,
243.0,0.0010000000474974513,21560.607421875,49342.68359375,42457.359375,663.8576049804688,98141.765625,543.606689453125,27571,,,
244.0,0.0010000000474974513,24434.75390625,33269.66796875,48257.72265625,611.7870483398438,66026.8359375,512.5087890625,27684,,,
245.0,0.0010000000474974513,10117.88671875,22580.93359375,19774.705078125,461.0672912597656,44768.8828125,392.987548828125,27797,,,
246.0,0.0010000000474974513,14222.333984375,16466.541015625,28036.34375,408.3260192871094,32579.314453125,353.7694396972656,27910,,,
247.0,0.0010000000474974513,32805.35546875,16739.15625,65122.42578125,488.2874755859375,33087.9921875,390.32135009765625,28023,,,
248.0,0.0010000000474974513,32850.09375,18188.4453125,65291.27734375,408.91143798828125,36045.69921875,331.1879577636719,28136,,,
249.0,0.0010000000474974513,19605.103515625,16449.712890625,38841.36328125,368.8439636230469,32622.140625,277.2862854003906,28249,,,
250.0,0.0010000000474974513,6562.173828125,12336.9287109375,12844.708984375,279.6379699707031,24456.755859375,217.0992431640625,28362,4062.16552734375,8109.82958984375,14.501521110534668
251.0,0.0010000000474974513,6932.70361328125,12497.4111328125,13621.7392578125,243.66763305664062,24785.3046875,209.5189971923828,28475,,,
252.0,0.0010000000474974513,15681.9697265625,12093.435546875,31111.46875,252.47027587890625,23967.74609375,219.12474060058594,28588,,,
253.0,0.0010000000474974513,7312.03662109375,10053.2470703125,14412.1103515625,211.96311950683594,19936.89453125,169.60009765625,28701,,,
254.0,0.0010000000474974513,4522.314453125,8118.7255859375,8854.505859375,190.12327575683594,16083.57421875,153.876953125,28814,,,
255.0,0.0007999999797903001,3729.17041015625,6879.1943359375,7285.65380859375,172.68780517578125,13607.41015625,150.9785614013672,28927,,,
256.0,0.0007999999797903001,6169.51025390625,9076.7802734375,12168.3095703125,170.71148681640625,18003.142578125,150.41879272460938,29040,,,
257.0,0.0007999999797903001,19212.791015625,8714.9501953125,38240.30078125,185.28536987304688,17269.798828125,160.1023406982422,29153,,,
258.0,0.0007999999797903001,6852.171875,6074.43701171875,13537.6533203125,166.6886444091797,12010.4208984375,138.45407104492188,29266,,,
259.0,0.0007999999797903001,4367.13623046875,4763.58984375,8584.6865234375,149.58563232421875,9397.8603515625,129.31982421875,29379,,,
260.0,0.0007999999797903001,6706.697265625,3720.810302734375,13264.2080078125,149.18690490722656,7324.07177734375,117.54844665527344,29492,4060.165283203125,8108.30712890625,12.023612976074219
261.0,0.0007999999797903001,4356.08349609375,5091.416015625,8580.818359375,131.3484649658203,10071.1220703125,111.7107162475586,29605,,,
262.0,0.0007999999797903001,8268.755859375,5418.06005859375,16399.20703125,138.30250549316406,10715.42578125,120.6951675415039,29718,,,
263.0,0.0007999999797903001,5604.2763671875,4784.91015625,11083.1865234375,125.36622619628906,9467.9794921875,101.84039306640625,29831,,,
264.0,0.0007999999797903001,4658.8076171875,6216.818359375,9199.81640625,117.79884338378906,12314.580078125,119.05653381347656,29944,,,
265.0,0.0007999999797903001,4692.13037109375,6596.16064453125,9269.5185546875,114.74322509765625,13101.2333984375,91.0871810913086,30057,,,
266.0,0.0007999999797903001,17560.166015625,4792.85888671875,34971.4609375,148.87109375,9482.7685546875,102.94943237304688,30170,,,
267.0,0.0007999999797903001,4968.83642578125,6845.05712890625,9823.939453125,113.7326431274414,13593.8603515625,96.25462341308594,30283,,,
268.0,0.0007999999797903001,11977.8193359375,15595.2509765625,23838.6640625,116.97615814208984,31008.47265625,182.02801513671875,30396,,,
269.0,0.0007999999797903001,17257.15234375,14342.6708984375,34372.56640625,141.7369842529297,28591.43359375,93.90902709960938,30509,,,
270.0,0.0007999999797903001,11260.8974609375,8029.5673828125,22403.681640625,118.11200714111328,15951.697265625,107.4375991821289,30622,4033.419921875,8055.40185546875,11.438516616821289
271.0,0.0007999999797903001,7754.95263671875,20518.22265625,15402.2763671875,107.62821197509766,40953.40625,83.04471588134766,30735,,,
272.0,0.0007999999797903001,55012.92578125,115493.734375,109788.7890625,237.0629425048828,228198.515625,2788.9736328125,30848,,,
273.0,0.0007999999797903001,113006.5859375,126590.390625,225587.1875,425.9869079589844,253048.703125,132.08946228027344,30961,,,
274.0,0.0007999999797903001,8340.126953125,67689.7265625,16544.201171875,136.05374145507812,135286.28125,93.14423370361328,31074,,,
275.0,0.0007999999797903001,4736.4072265625,36237.23828125,9364.8525390625,107.9612808227539,72393.0390625,81.43997955322266,31187,,,
276.0,0.0007999999797903001,5069.3984375,21456.431640625,10045.66796875,93.12826538085938,42826.58203125,86.27839660644531,31300,,,
277.0,0.0007999999797903001,6028.7177734375,13870.3349609375,11965.814453125,91.62025451660156,27665.6171875,75.054443359375,31413,,,
278.0,0.0007999999797903001,11840.388671875,12987.205078125,23587.603515625,93.17113494873047,25893.181640625,81.22953033447266,31526,,,
279.0,0.0007999999797903001,30018.173828125,12853.11328125,59907.7265625,128.62501525878906,25612.640625,93.58368682861328,31639,,,
